,user_name,user_location,user_description,user_created,user_followers,user_friends,user_favourites,user_verified,date,text,hashtags,source,is_retweet
208738,HIDE ·É¶‚ù§·É¶Íí∞ÔΩ•‚ÄøÔΩ•‡πëÍí±„å∞„å∞official,Êó•Êú¨,"SOUND & MUSIC is My Life.
‚ô´ This is Twitter to have everybody meet favorite music.
·É¶(‡πë‚óî‚Äø‚óî‡πë)·É¶ Other information.
 Feel free to follow.  √óDM",2015-10-04 12:23:14,3007.0,2462,53051,FALSE,2021-11-07 19:28:43,#F1 #FORMULA1 #MexicoGPüá≤üáΩ Final. https://t.co/WIYUdpoH8R,"['F1', 'FORMULA1', 'MexicoGP']",Twitter Web App,FALSE
988889,HIDE ·É¶‚ù§·É¶Íí∞ÔΩ•‚ÄøÔΩ•‡πëÍí±„å∞„å∞official,Êó•Êú¨,sdsd,2015-10-04 12:23:14,3007.0,2462,53051,FALSE,2021-11-07 19:28:43,#F1 #FORMULA1 #MexicoGPüá≤üáΩ Final. https://t.co/WIYUdpoH8R,"['F1', 'FORMULA1', 'MexicoGP']",Twitter Web App,FALSE
988989,HIDE ·É¶‚ù§·É¶Íí∞ÔΩ•‚ÄøÔΩ•‡πëÍí±„å∞„å∞official,Êó•Êú¨,fafafa,2015-10-04 12:23:14,3007.0,2462,53051,FALSE,2021-11-07 19:28:43,#F1 #FORMULA1 #MexicoGPüá≤üáΩ Final. https://t.co/WIYUdpoH8R,"['F1', 'FORMULA1', 'MexicoGP']",Twitter Web App,FALSE
272874,Sol Saltiel,"Athens, Greece","Voice over artist, Masterchef Greece, Native Advertising, AdTech, father, F1, travel, food, tabata, running, wine & single malt lover",2012-12-18 14:11:02,248.0,87,765,FALSE,2021-11-21 17:40:45,#QatarGP #QatarGrandPrix #F1 Great honor to be photographed with a legend Sir Jackie Stewart! https://t.co/jBB6toA43H,"['QatarGP', 'QatarGrandPrix', 'F1']",Twitter for iPhone,FALSE
353051,Motorsport.com,Miami,Your No.1 source for racing content. Subscribe to Prime for a premium experience: https://t.co/owdl0GN1Ii Part of @motorsport_net üèÅ,2009-04-29 11:48:30,239923.0,1013.0,3478.0,TRUE,2021-12-12 14:23:36,"Verstappen pits!

Hamilton üìª ""*******************. I can't box""

Whoa üò≥

#F1 #AbuDabhiGP üá¶üá™","['F1', 'AbuDabhiGP']",Twitter Web App,FALSE
191049,ThePitCrewOnline ¬©,Crew Towers,"Motorsport news and views with a side of fun! Join us to chat F1, Formula E, BTCC, WRC and more. Follow @CrewOnTwo for all things MotoGP, WSBK and BSB.",2014-06-24 12:47:24,15643.0,3676,40961,FALSE,2021-11-12 19:40:40,Alonso cannot improve on his latest lap and stays P9 #F1 | #BrazilGP,"['F1', 'BrazilGP']",Twitter Web App,FALSE
442338,Matt Maddren,United Kingdom,Newsdesk Editor & Breakfast Newsreader at @wearefreeradio & @signal1official | Podcast @gotthebootpod | #LFC fan | Email: matt.maddren@bauermedia.co.uk | He/Him,2011-05-20 18:33:37,873.0,847.0,6500.0,FALSE,2021-12-05 18:36:00,The #F1 version of Dragons Den took place just then‚Ä¶ #SaudiArabianGP,"['F1', 'SaudiArabianGP']",Twitter for iPhone,FALSE
323557,George Peck,"Corringham, England",#SKOL #COYI,2018-12-28 11:52:47,19.0,379,1153,FALSE,2021-12-12 15:03:04,Overall a fantastic battle all the way through the season from 2 drivers clearly out infront of the rest. Congrats to Max on the title and Lewis for staying classy and proving that he is one of the best to ever race an F1 car. #AbuDhabiGP #F1,"['AbuDhabiGP', 'F1']",Twitter for iPhone,FALSE
471624,Sustain CreatiK 1.1...Z‚≠ïÔ∏èn wordt Rode Reus,The Netherlands,"Controller(soms psychotisch)
Sustainability
Climate
Evolution...
Water
Food Safety
Fishery
Soil
Nuclear
Environment`
#Exoplanets
#Space
#Sun

(born ppm 326)",2013-07-05 22:17:08,1265.0,3086.0,23336.0,FALSE,2021-12-16 11:09:19,"@MercedesAMGF1 You did look like pathetic losers to me but i'm quite new to #F1.

Always thought the one who wins the last lap is the winner... 
#Mercedes has lowered the fun of a world championship for Max and i think that's not made right with 1 alinea in a statement","['F1', 'Mercedes']",Twitter Web App,FALSE
310380,chris morgan,,,2021-03-01 20:21:22,7.0,20,827,FALSE,2021-12-12 16:34:42,@Max33Verstappen #F1 is a fucking joke after that today - one of the biggest stitch up‚Äôs in sporting history,['F1'],Twitter for iPhone,FALSE
119582,Luke Smith,"London, England",Formula 1 reporter for @autosport. @nytimes contributor.,2010-01-05 14:35:11,53100.0,737,14305,TRUE,2021-09-04 13:19:52,"Q1 is done and Sergio Perez is out for Red Bull - first man to cross the line gets caught out by huge track evolution. Eliminated:

16. Perez
17. Vettel
18. Kubica
19. Schumacher
20. Mazepin

#F1 #DutchGP","['F1', 'DutchGP']",TweetDeck,FALSE
409658,#MsportXtra,MsportXtra headquarters.,"If it has an engine, I'll probably tweet about it. All #motorsport , all day. Followed by many, liked by a lot. #MsportXtra",2015-01-16 6:57:52,7509.0,924.0,62.0,FALSE,2021-12-06 20:54:38,#F1 Some @pirellisport info for the revised circuit of @ymcofficial . #AbuDhabiGP #MsportXtra https://t.co/UurOc3euk0,"['F1', 'AbuDhabiGP', 'MsportXtra']",Twitter Web App,FALSE
112728,W Series,"London, England",Ground-breaking women-only racing series. Supporting @F1 in 2021. Follow us on our mission to #RethinkRacing. https://t.co/SWRbYtj7OB,2017-12-14 12:22:20,67424.0,954,9493,TRUE,2021-09-05 9:14:41,"Podium celebrations in Zandvoort, brought to you by @FerrariTrento. ü§© üçæ

#WSeriesZandvoort üá≥üá± #WSeries #F1 https://t.co/1cNYQRCtdW","['WSeriesZandvoort', 'WSeries', 'F1']",Twitter Media Studio,FALSE
153721,Cornered Citizen,"Mysore, India","Techieüë®‚Äçüíª. Public Current Affairs, Cricket, Tennis, F1, Moto GP, Movies, Series etc.........",2020-07-07 13:54:12,118.0,985,6425,FALSE,2021-10-24 20:40:03,"What a win. Max. That was super star performance. 

What. A. DRIVE.

#F1",['F1'],Twitter for Android,FALSE
112250,Fede üêº,,,2019-10-30 14:17:07,108.0,73,74942,FALSE,2021-09-05 11:02:49,"Valtteri and Lewis this weekend üíôüíú

#f1 #lewishamilton #teamlh #lh44 #MercedesAMGF1 #valtteribottas #VB77 #DutchGP #ZandvoortF1

https://t.co/isKpU6WyDi","['f1', 'lewishamilton', 'teamlh', 'lh44', 'MercedesAMGF1', 'valtteribottas', 'VB77', 'DutchGP', 'ZandvoortF1']",Twitter for Android,FALSE
603157,F1reader,,http://t.co/J4fdlafdHW is a F1 news aggregating website. F1reader hopes to replace your daily F1 news fix with just one website.Android @ http://t.co/KzfB1qB33G,2010-12-25 13:36:41,2367.0,1469,11,FALSE,2022-07-05 11:54:04,Why F1's code of conduct meant British GP moves were robust but legal https://t.co/9jMnSbIVcY #F1 #Schumacher,"['F1', 'Schumacher']",F1reader,FALSE
245365,Sean Sedor,Pennsylvania,Penn State University graduate. History junkie. Music lover. A jack-of-all-trades writer at @VoicesWrestling. I'm ready for whatever life has to offer next!,2012-05-20 2:37:14,965.0,5003,282692,FALSE,2021-11-14 17:43:43,"Verstappen pits a lap later and comes out ahead of Hamilton, so back to where things were before. 

#BrazilGP #F1","['BrazilGP', 'F1']",Twitter Web App,FALSE
298394,Agilis GP,Singapore,Fan from üá∏üá¨ || Formula 1 ‚Ä¢ Daniel Ricciardo ‚Ä¢ McLaren || Formula E ‚Ä¢ Stoffel Vandoorne ‚Ä¢ Mercedes || Jenson Button ||,2018-04-29 6:40:57,41.0,359,1894,FALSE,2021-12-12 19:45:40,I would like to clarify that Masi* said he moved only 5 drivers. Of course the stewards do not decide these things. So it‚Äôs on Masi again. But Stewards are going with this argument. #F1 #AbuDhabiGP üá¶üá™,"['F1', 'AbuDhabiGP']",Twitter for iPhone,FALSE
328497,Blurrygilmas Eve -He/Him-,"Seattle, WA",@NintendoAmerica Treehouse | Sounders | Retrogaming | Simracing | Wrasslin | Tabletop | Forever a loser to @TeamCoco | Opinions 100% my own,2009-06-15 19:18:56,2067.0,700.0,65966.0,FALSE,2021-12-12 14:52:11,"""Toto...we went car racing""

Da real MVP.

#F1Finale #F1 #AbuDabhiGP https://t.co/bL5aMotAgE","['F1Finale', 'F1', 'AbuDabhiGP']",Twitter for Android,FALSE
568554,R M,,Always',2011-08-01 15:53:07,333.0,2469,70937,FALSE,2022-03-27 18:23:26,Such close entertaining racing. These new cars are exceptional #F1 #SaudiArabianGP,"['F1', 'SaudiArabianGP']",Twitter for iPhone,FALSE
605914,CharlesLeclerc16_Pics,,‚ù§Ô∏è ùóßùóòùóîùó† ùóñùóüÔΩúùóñùóºùóπùóπùó≤ùó∞ùòÅ ùóñùóµùóÆùóøùóπùó≤ùòÄ ùó™ùóÆùóπùóπùóΩùóÆùóΩùó≤ùóø/ ùó£ùó∂ùó∞ùòÄ,2022-05-21 16:41:21,0.0,24,88,FALSE,2022-07-04 12:18:19,"Charles Leclerc Wallpaper‚ù§Ô∏è
Ôºé
#Charles16 #CharlesLeclerc #Leclerc #Charles16 #F1 #charlesleclerc https://t.co/5QcVq5b0zL","['Charles16', 'CharlesLeclerc', 'Leclerc', 'Charles16', 'F1', 'charlesleclerc']",Twitter for iPhone,FALSE
71071,f1godfather,Paris,"#F1 news stories, statistics 
Increase your #Formula1 knowledge",2018-06-25 16:13:35,95.0,243,718,FALSE,2021-08-17 16:07:45,"Pundits ‚Äònot sure‚Äô Hamilton deserves title lead https://t.co/T1TSVha0pi
#f1 #formula1","['f1', 'formula1']",IFTTT,FALSE
197710,f1godfather,Paris,"#F1 news stories, statistics 
Increase your #Formula1 knowledge",2018-06-25 16:13:35,115.0,253.0,751.0,FALSE,2021-11-10 7:17:48,"Tracks, DNFs, bad luck ‚Äì what can stop Verstappen now? https://t.co/le5p36XaO7
#f1 #formula1","['f1', 'formula1']",IFTTT,FALSE
348037,Vikram,"Mumbai,India","Proud dad & husband and Arsenal fan for life. Tweets on #afc #arsenal #Music, #Aviation, #GlobalFinancialmarkets, #Travel, #Photography",2008-12-05 5:20:53,239.0,521.0,4866.0,FALSE,2021-12-12 14:34:38,"OMFG... @Max33Verstappen omg...
#AbuDhabiGP #F1 #f1finale","['AbuDhabiGP', 'F1', 'f1finale']",Twitter for Android,FALSE
256560,Formula Tilke,Track Limits,"F1, F2, F3, IndyCar, Formula E, ExtremeE, and various other motorsports",2020-12-12 14:25:13,146.0,129,8000,FALSE,2021-11-13 19:42:33,My number one pet-peeve is when the F1 broadcast shows six different replays of the start and we miss two laps of racing‚Ä¶ #F1 #BrazilGP,"['F1', 'BrazilGP']",Twitter for iPhone,FALSE
112583,lianne,stirling,lianne ramsay,2009-02-19 17:08:42,141.0,427,7879,FALSE,2021-09-05 9:54:43,@mclaren showing my papaya colours today let‚Äôs do this #FansLikeNoOther #SendIt #DutchGrandPrix #f1 https://t.co/JtUnAJZ7ek,"['FansLikeNoOther', 'SendIt', 'DutchGrandPrix', 'f1']",Twitter for iPhone,FALSE
410078,Lando Norris Brasil,norrislandobr@gmail.com,"Sua primeira fonte brasileira de informa√ß√µes sobre o jogador de golfe, streamer e nas horas vagas piloto na F1, Lando Norris. @LandoNorris @TeamL4NDO #LN4",2020-10-01 15:51:34,8903.0,132.0,26433.0,FALSE,2021-12-06 18:16:22,"üì≤‚Å¶@LandoNorris‚Å© via stories do Instagram!!

#LN4 #F1 #L4NDO #LandoNorris https://t.co/AuVg0UuJCo","['LN4', 'F1', 'L4NDO', 'LandoNorris']",Twitter for iPhone,FALSE
405686,Junaid #JB17,The WORLD of MOTORSPORT,"EAT, SLEEP, BREATHE Motorsport | Writer of RX content | #WorldRX | #F1 | DM me for email address | #KeepFightingMichael #JB17Forever #AH19",2012-02-08 15:58:10,5606.0,1224.0,10324.0,FALSE,2021-12-08 13:37:04,"Toto Wolff: The final race will be intense, but it's important to not get distracted, to just keep our heads down, our feet on the ground and bring the performance that we had last time out. We're grateful to still be in this fight. #AbuDhabiGP #F1","['AbuDhabiGP', 'F1']",Twitter Web App,FALSE
469659,griffin,,Mclaren F1üß° Future landscape architect,2015-11-03 21:50:38,46.0,159.0,3538.0,FALSE,2021-12-16 17:06:46,WOOHOOO!!! Going to my first Grand Prix!!!! #canadianGP #f1,"['canadianGP', 'f1']",Twitter for iPhone,FALSE
528372,Pit Lane Reporter TV Show,United Kingdom,"The Pit Lane Reporter TV show with @woodsphil & Mark Gero is the No. 1 place to hear post race chat & more. If you love F1, you‚Äôll love this.",2021-12-15 16:22:16,31.0,428,12,FALSE,2022-02-28 8:08:17,"Episode One if the newest #FormulaOne Online TV Show is here. Absolutely loved doing this, could‚Äôve spent hours chatting with @mark_gero7, unfortunately we had to restrict it to our half hour slot. I‚Äôm confident that if you love #F1 you‚Äôll love this. https://t.co/Jz39CrPUxm","['FormulaOne', 'F1']",Twitter for iPhone,FALSE
361160,Squinting Quarantino,Where there's a story to tell.,Home. Indefinitely. Send wifi and wine.,2013-10-22 19:47:25,3938.0,1515.0,11074.0,FALSE,2021-12-12 13:40:41,"Majestic teamwork by Perez. So beautifully annoying!
#F1",['F1'],Twitter for Android,FALSE
407890,Grand Prix Racing üèÅ,Scotland,#OnThisDay F1 World Championship race results & driver anniversaries.,2019-08-07 15:38:02,1071.0,104.0,5775.0,FALSE,2021-12-07 14:57:34,"63) Jules Bianchi üá´üá∑
b. 1989 d. 2015

Marussia 2013-2014

34 entries (34 starts) 
2 points 
Best result - 9th, 2014 Monaco

*2009 F3 Euro Series Champion
Died from injuries sustained 9 months earlier at the Japanese Grand Prix. 

¬© Imago Images

#F1 https://t.co/hMWtUvUrvo",['F1'],Twitter for Android,FALSE
422826,R–æssa S.Ferrari,Worldwide,"ITALIA FERRARI INTER DUCATI.  Schumi-FOREVER#1! 
#Seb5 Vettel #Mick47 Schumacher #KeepFightingMichael
#ForzaInter #Inter19 üáÆüáπüèÜ",2010-02-19 9:14:24,1292.0,516.0,104649.0,FALSE,2021-12-05 19:52:51,"what a LIAR!!!!!!!! HYPOCRITE AND LIAR!!!!!

#F1 #SaudiArabianGP 
#F1isBORING #RIPF1 https://t.co/BSGI1GeuyV","['F1', 'SaudiArabianGP', 'F1isBORING', 'RIPF1']",TweetDeck,FALSE
34171,Aqiff | üè¥,Malaysia,21 years old || Motorsport enthusiast || A. Haziq 68 üá≤üáæ,2011-03-10 5:49:57,209.0,420,6173,FALSE,2021-08-01 13:05:10,"WTF BOTTAS WTFFFF

#HungarianGP #F1","['HungarianGP', 'F1']",Twitter for Android,FALSE
428578,Meli,,Architectural Designer,2011-09-29 19:08:40,164.0,543.0,134273.0,FALSE,2021-12-05 19:36:23,Gonna be a good episode for drive to survive #f1,['f1'],Twitter for iPhone,FALSE
629640,(Œ±) Œ°ŒµŒ∑Œ∑y (for yoœÖr œÑhoœÖghœÑœÇ),,..Œ±Œ∑d my Œ∫ŒπŒ∑gdom for Œ± horsŒµ!,2011-07-05 14:10:35,265.0,104,15632,FALSE,2022-07-03 14:45:34,"Jules is watching and he is happy...
#Zhou #BritishGP #f1 #Formula1","['Zhou', 'BritishGP', 'f1', 'Formula1']",Twitter Web App,FALSE
336802,Scottish Sun Sport,"Glasgow, Scotland",The home of Scottish Sun Sport on Twitter. Also on Facebook: https://t.co/QGoIpCJZ2j‚Ä¶,2011-10-13 11:22:53,39537.0,381.0,168.0,TRUE,2021-12-12 14:40:34,"Max Verstappen is the F1 World Champion after a highly controversial finish - Mercedes and Lewis Hamilton will be furious!

Follow our LIVE blog here: https://t.co/rZjOJHWfQw #AbuDhabiGP #F1 https://t.co/KGocKds0D4","['AbuDhabiGP', 'F1']",Echobox,FALSE
549994,107% F1,,F1 Graphs / Visualisations / Statistics,2021-08-07 12:44:09,3554.0,227,58,FALSE,2022-04-02 15:36:47,"#Ferrari have already led for a greater distance after two rounds of #F1 2022 than the previous two seasons combined
#Formula1 #FormulaOne https://t.co/659lJFfmIZ","['Ferrari', 'F1', 'Formula1', 'FormulaOne']",Twitter Web App,FALSE
417067,F1 Madness üèÅ,Cape Town,"Live #F1 commentary, news and opinions. Home to SA's first and only #F1 website run by 3 crazy F1 devotees - @aprilrain500 @humanshield_1 and @NatalieLeClue",2012-03-17 20:57:22,7478.0,1050.0,1195.0,FALSE,2021-12-05 20:59:59,"Bottas:""Yeah, one more to go with the team. I think it's going to be emotional"" 

#SaudiArabianGP #F1","['SaudiArabianGP', 'F1']",TweetDeck,FALSE
154230,Nid≈æo üåø,Kyoto,"Arsenal&Partizan üî¥‚ö´

Marketing manager @ https://t.co/bSrT5Kg5Ka
üá∑üá∏üá∑üá∏üá∑üá∏",2012-02-03 14:37:03,510.0,589,44541,FALSE,2021-10-24 20:38:57,SUPER MAX üá≥üá±üá≥üá±üá≥üá± #F1,['F1'],Twitter for Android,FALSE
329868,James Gilbert,,Motorsport Manager X Photography X Creative,2009-05-07 20:06:44,1494.0,640.0,13563.0,FALSE,2021-12-12 14:49:24,Disgusting FIA decision #f1 #AbuDhabiGP,"['f1', 'AbuDhabiGP']",Twitter for iPhone,FALSE
530699,RaceFans,racefans.net/support,"Independent Motorsport Coverage ‚Ä¢ #F1, #IndyCar, #FE, #F2, #F3 & more ‚Ä¢ https://t.co/BunjWgn09U",2008-02-12 9:29:07,109987.0,1245,9735,FALSE,2022-02-26 15:54:42,"NEW: F1 drivers express support for Ukraine after Russian invasion - https://t.co/IC6UQM6Scq 

By @racefansdotnet

#F1",['F1'],RaceFans 20181015,FALSE
449652,SP ü™°‚ú®,London,"London-based Designer/Pattern Maker ìÉµü™°üá∏üá±
IG: samuellapalmer",2010-08-10 14:28:09,377.0,411.0,74740.0,FALSE,2021-12-05 18:09:27,This red flag situation actually stinks #SaudiArabianGP #F1,"['SaudiArabianGP', 'F1']",Twitter for Android,FALSE
397347,Filomena ‚öΩ üá¶üá∫üíöüíõüèÅ,Adelaide,Sports Tragic. Resident Revhead. SA's Melb Storm Fan! AUFC member ‚ù§Ô∏è. Loves BBC TV's Bargain Hunt & Antiques RoadTrip. You are never too old for Disney!,2011-11-07 8:05:08,286.0,352.0,19269.0,FALSE,2021-12-10 14:49:40,"@EvanYoon1 @Formula2 Jack &amp; Oscar to go with Danny Ric on 4 wheels, Jack Miller &amp; Remy Gardner on two...daymm it's gonna be a good time for Aussie Motorsport fans right now! #f1 #f2 #Motogp","['f1', 'f2', 'Motogp']",Twitter for Android,FALSE
281342,Bryan Kay,Kampala,l Swim Coach l @RaftersUg l @UgandaSwimming l @fina1908 Starter l @CanaSwim l @F1 Fan l @MercedesAMGF1 l Swimmer l,2012-02-06 7:36:34,21787.0,11767,24099,FALSE,2021-11-21 14:37:26,"LAP 14/57
Gasly pits! His used soft tyres have had enough here, he swaps to a set of the mediums. It's a decent stop, and he returns in P18 just behind the Haas pair.¬†#F1 #QatarGPüá∂üá¶","['F1', 'QatarGP']",Twitter for iPhone,FALSE
402147,Motorsport Week,Worldwide,"Formula 1, Formula E, F2, F3, IndyCar, WEC, WRC & MotoGP News.",2009-03-29 0:27:29,36148.0,1656.0,4520.0,FALSE,2021-12-09 16:30:09,"FIA to monitor track limits at three corners during Abu Dhabi finale
 
Full story üëâ https://t.co/gbjceb4pn8
 
#AbuDhabiGP #F1
https://t.co/gbjceb4pn8","['AbuDhabiGP', 'F1']",MotorsportWeek,FALSE
350800,Leshon,"BLR, IN ",I often tweet and follow #CFC #EH10 #LM10 #SC30 #SV5 #RBR #VR46,2016-10-26 5:52:51,969.0,670.0,40391.0,FALSE,2021-12-12 14:30:14,Toto instructing the stewards to keep safety car until the end #AbuDabhiGP #F1,"['AbuDabhiGP', 'F1']",Twitter for Android,FALSE
155599,For F1's Sake Pod,London,"Formula One only has itself to blame. @cheekaeyers, @philltromans and @terrysaunders talk about each race and how to fix #f1",2009-03-30 15:03:36,3008.0,748,1422,FALSE,2021-10-24 20:25:12,"Tell you what, Norris has had a bit of a stinker today. #USAGP #F1","['USAGP', 'F1']",Twitter for iPhone,FALSE
559131,Sport Playlists,London,"Follow Sport Playlists with @ShootMusic. Bringing you all the Football, F1, Rugby, Running, Sport TV & Radio playlists on @SpotifyUK @Deezer & @AppleMusic",2014-12-04 15:09:54,6177.0,3026,3758,FALSE,2022-03-29 12:30:00,"‚ÄòThe Sulking Poet‚Äô by @BlossomsBand has been added to the Official @F1 Tracks playlist üÜïüéß

@SpotifyUK: https://t.co/TZ20FrtxLs
@Deezer: https://t.co/chq8UZ6gGE
@AppleMusic: https://t.co/XspRLjMNJR

#Blossoms #F1 #Formula1 #F1Tracks üèÅ https://t.co/INVJhJBbRq","['Blossoms', 'F1', 'Formula1', 'F1Tracks']",TweetDeck,FALSE
396496,SportsPro,London,Covering the global sports industry @_MichaelLong / @tbassam / @eoinfconnolly / @Sam__Carp / @EDixonSports / @gina_maggie / @Rorysjones11 / @MickeyCaskill,2009-04-02 12:46:49,33357.0,176.0,608.0,TRUE,2021-12-10 18:28:34,"üó£Ô∏è 'F1's increased focus on their digital strategy has had a big impact on fans being able to feel like they're connected with drivers'

The BlackBook's @gina_maggie on how the series is engaging with fans. 

Listen here üëâ https://t.co/qw3UJdIZvG

#SportsBiz #SportsProPod #F1 https://t.co/uZwZaUfkH4","['SportsBiz', 'SportsProPod', 'F1']",HubSpot,FALSE
236912,Tami Dee,Near water,Getting started. Give me time.  I am opinionated and awesome‚Ä¶.Surprisingly I have no friends hereüòÇ,2021-08-18 0:27:16,2.0,17,168,FALSE,2021-11-14 18:38:58,Bottas and Perez today #BrazilGP #F1 https://t.co/sQZ07Cp4gu,"['BrazilGP', 'F1']",Twitter Web App,FALSE
593927,Tess tickles,,"MV1,GR63,CS55,CL16,VR46
tacos and sushi, tacos and sushi, tacos and sushi and antidepressants, tacos and sushi

pissing off Lewis fans 1 fan at a timeüòÇ",2021-08-28 15:17:58,68.0,139,514,FALSE,2022-07-08 15:57:52,"GET IN THERE LEWIS!!!!!!!!!!!
#F1 #LewisHamilton #RedBullRing #redbullracing https://t.co/Fo2v3maBDc","['F1', 'LewisHamilton', 'RedBullRing', 'redbullracing']",Twitter for Android,FALSE
272015,LambertRacing,,"Main account: @Lambert2191

I use this account to talk about sports, mostly Formula 1, so as to not drive away people from my main account :P",2021-11-16 13:30:50,20.0,146,1134,FALSE,2021-11-21 21:06:52,"I know the FIA have been slow with penalties lately but this is just taking the piss, no?
#Formula1 #F1 https://t.co/GQ6fpgniBQ","['Formula1', 'F1']",Twitter Web App,FALSE
63115,The F1 Journal,,"All the latest news, opinions and gossip on F1.",2020-04-06 9:37:33,567.0,498,2164,FALSE,2021-08-06 18:53:10,Piastri proud to play minor role in Alpine #HungarianGP #F1 win,"['HungarianGP', 'F1']",Twitter for iPhone,FALSE
462929,Dr. Daniel Lytle,"Durham, NC","Ph.D. in Criminal Justice and teaching a variety of classes in NC, I also fancy cooking and other nerd things, & happily married to a wonderful man. (he/him)",2009-09-04 18:38:59,1083.0,2037.0,14123.0,FALSE,2021-12-04 18:08:44,Hamilton helmet y‚Äôall https://t.co/KPnwUIAGgZ #Hamilton #F1,"['Hamilton', 'F1']",Twitter for iPhone,FALSE
529124,Current Racing,,Racing news for racing fans.,2022-01-06 12:43:34,3.0,49,57,FALSE,2022-02-27 15:39:40,"Ferrari team principle, Mattia Binotto says that Mercedes will be ahead of them when they reach Bahrain.

#F1 #formulaone #ferrari #scuderiaferrari #mercedes https://t.co/G3VgqucxiY","['F1', 'formulaone', 'ferrari', 'scuderiaferrari', 'mercedes']",Twitter for iPhone,FALSE
243570,Nico,,"Politik, Wrestling, Motorsport, Filme, Serien, Essen und Metal! ‚òùüèª",2019-03-12 21:15:45,97.0,468,24742,FALSE,2021-11-14 18:08:19,"Big Balls Max 

#BrazilGP
#SkyF1 
#F1","['BrazilGP', 'SkyF1', 'F1']",Twitter for Android,FALSE
265328,Motor Sport magazine,"London, England","The original motor racing magazine, established in 1924 | An independent authority on Formula 1, MotoGP, sports cars and motor sport history.",2009-03-23 16:49:57,62233.0,918,2740,TRUE,2021-11-26 10:34:00,"#F1 and #MotoGP have both renewed deals with the Circuit de Barcelona-Catalunya up to 2026
https://t.co/U7STfjMWaz","['F1', 'MotoGP']",ContentCal Studio,FALSE
59263,F1reader,,http://t.co/J4fdlafdHW is a F1 news aggregating website. F1reader hopes to replace your daily F1 news fix with just one website.Android @ http://t.co/KzfB1qB33G,2010-12-25 13:36:41,2335.0,1489,11,FALSE,2021-08-10 10:00:04,Renault engine chief Taffin no longer working for French manufacturer https://t.co/TQiw5TdRWe #F1 #Renault,"['F1', 'Renault']",F1reader,FALSE
68228,f1fantwo (imaginary/made/up/gender),Worldwide,"Curated F1 views from the fans! Like BBC + Telegraph Sport + WTF1, but better and without the garbage and lies! #teamLH = babies",2014-05-16 23:23:17,2060.0,2318,22,FALSE,2021-08-20 5:18:21,@brawngpf1team The Bergamo Bullet BERRRGGGGGAMMMMOOOOOOO #BergamoBullet #ItalianLegends #ItalianSports #ForzaItalia #F1,"['BergamoBullet', 'ItalianLegends', 'ItalianSports', 'ForzaItalia', 'F1']",myloveisJoJo,FALSE
419094,"Niall - Guilty, I support Reading.","England, United Kingdom",#Readingfc ‚öΩ #F1 üèÅ,2017-07-02 15:46:33,854.0,1152.0,9155.0,FALSE,2021-12-05 20:20:07,"Im torn by what the stewards will do.

If a penalty is warranted then it has to be given, yet it could ruin the best title in years. Maybe another time penalty for today's race.

#F1",['F1'],Twitter for Android,FALSE
627875,FormulaBalajiüèé,,"Formula 1 & Fernando Alonso fan
Gaming Alt -  @GamerBaIa 
Movies TV Alt -  @DirectedbyBala",2017-08-05 12:18:58,321.0,175,8898,FALSE,2022-07-03 14:59:39,"GOATIFI on softs. The legend will be P1 at the end of the first lap; such bravery is not for ordinary mortal drivers.
#F1 #BritishGrandPrix2022 #BritshGP https://t.co/SdpZ8SRRro","['F1', 'BritishGrandPrix2022', 'BritshGP']",Twitter Web App,FALSE
324481,Chevy,"California, USA",#F1 Content Creator and F1 Journalist as ChevyTalksRacing. Writer at @DRIVETRIBE. mediocre ukulele player+ college student. #honestlywhatarewedoing üá∫üá∏üáÆüá≥,2018-12-29 2:05:40,468.0,358,6368,FALSE,2021-12-12 15:00:27,"With the frustrations out of the way, however, Max Verstappen has proved he deserved the title all season long. Congratulations to Max and the entire Red Bull team on their victory! #AbuDhabiGP #F1","['AbuDhabiGP', 'F1']",Twitter for iPhone,FALSE
554772,Our League Podcast,"London, England","Sports, Music, Life & Culture. On all platforms ‚¨áÔ∏è",2021-01-06 22:17:50,52.0,135,1918,FALSE,2022-03-31 7:59:12,"New episode out now!üî•üö®Talking Will Smith, Chris Rock &amp; of people still care about the Oscars. NBA, NFL Trades, Saudi Arabia Grand Prix &amp; international football as well as relationships/ life in London #sports #football #NFL #NBA #F1 #Oscars2022 #London https://t.co/g9YbUcAWO9","['sports', 'football', 'NFL', 'NBA', 'F1', 'Oscars2022', 'London']",Twitter for iPhone,FALSE
215510,Stuart Masson,"Surrey, UK","Aussie in London, editor of @thecarexpertuk. Often found on radio or telly talking about car ownership and motoring topics.",2009-02-05 8:26:12,117.0,146,1915,FALSE,2021-11-19 17:44:10,"@Motor_Sport F1 stewarding is a shambles, and last weekend was simply the latest instalment. This is supposed to be the premier motorsport category in the world, and the umpiring is simply amateur - to put it politely #f1",['f1'],Twitter for iPhone,FALSE
36808,jamal.campbell üá®üá¶,"Rural - Nova Scotia, Canada",#AyrtonSENNA; #BLM; Cars; Comedy; Driving; Dogs; Equity & Fairness; Food; #F1; Ideas; #Kaizen; #Kimi7; Learning; MMA; Music; Nature; Solutions; #SUBARU & #UFC.,2011-09-05 23:15:39,2134.0,1966,27231,FALSE,2021-08-01 11:41:03,@SkySportsF1's Awesome Pre-Raceday coverage for the #HungarianGP #F1 started ~ 10 mins ago on @TSN_Sports ‚ÄºÔ∏è,"['HungarianGP', 'F1']",Twitter Web App,FALSE
449049,GRABZHOU,,,2013-08-14 23:51:29,30.0,863.0,305.0,FALSE,2021-12-05 18:14:52,"#SaudiArabianGP #F1

- security wall *has 6 layers*
- sec wall 1st layer is slightly damaged 

- Michael Masi : https://t.co/9x7xI9IGsf","['SaudiArabianGP', 'F1']",Twitter for Android,FALSE
15627,Shariff,"Jurong West, Singapore","Main hobby is watching TV (@Marvel, @DCComics, @WWE, @F1, @survivorcbs, @AmazingRaceCBS, @KUWTK & many other shows) and movies. I support @ManUtd & @Lakers.",2009-06-26 19:32:02,292.0,922,39344,FALSE,2021-08-01 14:51:45,"@F1 Well done @alo_oficial, for holding @LewisHamilton that long - fan

#HungarianGP üá≠üá∫ #F1","['HungarianGP', 'F1']",Twitter for Android,FALSE
126437,Talodin @ CotA #USGP üèéÔ∏èüèÅ,Texas,Texas transplant. „Éõ„É¢ÈÅî„Å†. Always looking out for dank memes.,2011-09-21 18:05:04,328.0,1064,51378,FALSE,2021-10-22 21:12:12,Footage from Big Red during Practice 1 earlier today #USGP #F1 https://t.co/H3RXIU78dM,"['USGP', 'F1']",Twitter for iPhone,FALSE
428029,Joshu√£,,Closer to 30 than I‚Äôd like. Vinyl Connoisseur. Shit tweeter.,2014-05-06 14:29:59,802.0,718.0,45342.0,FALSE,2021-12-05 19:39:02,Some season this has been #F1,['F1'],Twitter for iPhone,FALSE
70870,Grand Prix 247,,"Daily Formula 1 news, features, interviews, race reports, results and great pictures. An alternative source for discerning fans!",2009-07-07 11:43:46,3426.0,972,5301,FALSE,2021-08-17 19:39:26,Binotto: Two F1 seasons will be important for Mick | GRAND PRIX 247 https://t.co/fconM4qQxb Method to the madness? @SchumacherMick @ScuderiaFerrari #F1 #MickSchumacher,"['F1', 'MickSchumacher']",Twitter Web App,FALSE
1973,Nick DeGroot,"New York, USA",‚Ä† | Editor @Motorsport.com | I probably iRace too much,2011-08-27 17:12:34,6627.0,3254,46912,TRUE,2021-08-01 20:09:39,"NEWS: Sebastian Vettel has been disqualified from the #HungarianGP, losing his second-place finish for for not having enough fuel left in his car. https://t.co/SHgSNfeZKz #F1","['HungarianGP', 'F1']",Twitter Web App,FALSE
356106,Ankur Pramod,India,Indian. Football Pundit. Tennis Analyst. Formula One Enthusiast. Cricket Crazy. Sports Freak. YNWA.,2011-09-08 17:22:25,225.0,1015.0,4901.0,FALSE,2021-12-12 14:04:46,I might actually still get the last lap excitement that I was hoping for. #F1 #AbuDhabiGP,"['F1', 'AbuDhabiGP']",Twitter Web App,FALSE
453769,MCAT TV,,Come on,2021-04-29 19:28:13,214.0,86.0,442.0,FALSE,2021-12-05 17:50:41,"Formula 1 Streaming 

F1 live stream 
F1 Live Streaming 
Saudi Arabia Race 

:
:.....
:

WATCH LIVE via @BrickGoals
WATCH LIVE via @BrickGoals

#F1 #SaudiArabiaGP #Formula1","['F1', 'SaudiArabiaGP', 'Formula1']",Twitter for iPhone,FALSE
423211,Qu'est-ce what? // M.K.,,"Theme of my life: entropy and confusion.
She/her. Slavic AF.

Drag arts enthusiast, F1 fan, periodically getting obsessed with random things.",2016-12-14 21:29:46,8.0,68.0,345.0,FALSE,2021-12-05 19:51:04,To quote my fianc√© just now: ‚ÄúIs Netflix paying them for this shit or what?!‚Äù #F1 #SaudiArabianGP #SaudiArabiaGP,"['F1', 'SaudiArabianGP', 'SaudiArabiaGP']",Twitter for iPhone,FALSE
445417,Autosport Live,,Live motorsport coverage from @autosport's minute-by-minute commentary team.,2009-07-06 22:41:26,82003.0,12.0,1.0,FALSE,2021-12-05 18:26:39,"Perez initially got going again after his hit on the left-rear from Leclerc sent him into the wall with his nose. He was lucky that nobody else hit him square on, but presumably the initial contact with Leclerc created damage too serious to continue. #F1",['F1'],AUTOSPORT,FALSE
300354,Rhys Edwards,"Bridgend, Wales","Not a match, the board goes back‚Ä¶ | He/Him | ‚ù§Ô∏è @ManUtd, @Cymru, @Packers, @DetroitRedWings, @BVB ‚Ä¢ @BlackYellow; motor racing, wrasslin, and rawk & roll.",2009-02-11 16:04:55,437.0,4074,4677,FALSE,2021-12-12 19:17:29,"BTW, if I ever question which is the most bumbling clown show of a sporting governing body again, I should be reminded that it always has been, and always will be, the FIA. It's the one constant since I have followed motor racing.
#F1 | #AbuDhabiGP","['F1', 'AbuDhabiGP']",Twitter Web App,FALSE
490885,MightyMax World Champion 2021.üèÜ,"Voor Max-fans, door Max-fans","Hier blijft u op de hoogte van de Formule 1 en uiteraard onze trots: Max Verstappen! Wij tweetten nieuws, foto's en live-verslagen.#MightyMax  2021.üèÜ",2016-05-23 10:19:13,6610.0,92.0,48069.0,FALSE,2021-12-13 9:34:20,"First Champions.üëë

#MaxVerstappen #F1 #AbuDhabiGP #MightyMax

 https://t.co/nJLlh0FPyL","['MaxVerstappen', 'F1', 'AbuDhabiGP', 'MightyMax']",Twitter for iPhone,FALSE
51693,Fede üêº,,,2019-10-30 14:17:07,102.0,69,67192,FALSE,2021-07-29 9:40:17,"Lewis today ‚ù§Ô∏è

#f1 #lgbtq #lewishamilton #teamlh #lh44 #hungariangp #hungary #people #support #love #positivity #loveislove #freedom #rights
https://t.co/1kTUt6onEB","['f1', 'lgbtq', 'lewishamilton', 'teamlh', 'lh44', 'hungariangp', 'hungary', 'people', 'support', 'love', 'positivity', 'loveislove', 'freedom', 'rights']",Twitter for Android,FALSE
456614,Chris 24üèÄüêç,"Aurora,Colorado","¬†Once you know what failure feels like, determination chases success.- Kobe Bryant",2010-07-22 22:57:05,124.0,453.0,1895.0,FALSE,2021-12-05 17:21:09,Now to see @LewisHamilton  win. #F1,['F1'],Twitter for Android,FALSE
511456,Ollie Pattas,The Paddock,"Creating high quality F1 content, providing insight, news, excitement and knowledge.
üí•Bringing Formula 1 to life through content
üì±All socials in website link",2020-12-15 14:44:37,223.0,172,156,FALSE,2022-01-08 16:12:52,Oscar Piastri says 2022 ‚Äúwon‚Äôt be wasted‚Äù as he spends 2022 on the sidelines as Alpine reserve driver. Piastri convincingly won the F2 championship in 2021 and just missed out on a drive in F1 for 2022. He intends to make the most of this year to be ready for 2023 #f1 #Motorsport https://t.co/fk0KQCzBXK,"['f1', 'Motorsport']",Twitter for iPhone,FALSE
590323,Zdravko,,"Petrolhead: F1, MotoGP, IndyCar, WTCR, BTCC, LeMans, SuperGT",2012-05-09 22:33:37,14611.0,806,257802,FALSE,2022-07-08 20:23:00,Anthony Davidson üá¨üáß in his Super Aguri-Honda SA07 at Silverstone. #F1 2007 #BritishGP (Photo: Rob Snell) https://t.co/0hZbUIctY2,"['F1', 'BritishGP']",Twitter Web App,FALSE
486364,Pedro L√≥pez,,MPSS ‚öïÔ∏èü©∫|| #F1 üèé#NFL || Juego #Xbox üéÆüïπ || #NeverGiveUp #GoForEverything,2016-03-11 15:24:05,32.0,528.0,6706.0,FALSE,2021-12-13 17:12:25,"@PatricioOWard @McLarenF1 @F1 @ymcofficial Let‚Äôs go ü¶Ü!
Enjoy üß°üèé ! #F1 https://t.co/YWxJoX6DqP",['F1'],Twitter for iPhone,FALSE
490234,Simon,The Lake District UK,"Try making something better, every day, oddly, things will actually get better!",2010-12-19 8:37:00,3544.0,3548.0,28222.0,FALSE,2021-12-13 10:34:50,"There is an F1 2021 game update today so make sure you download it to keep your game current.

Patch notes:
1. To allow race control to choose the running order for the final lap.
2. To allow race control to change/amend the sporting regulations during a race as they see fit.
#F1",['F1'],Twitter for iPhone,FALSE
188961,Dani_,"King's Lynn, Norfolk, UK","Mid 30s ‚Ä¢ They/She ‚Ä¢ Non Binary ‚Ä¢ Failed, lazy artist ‚Ä¢ Chronic Pain ‚Ä¢ D&D ‚Ä¢ Anxiety ‚Ä¢ F1 ‚Ä¢ Critter ‚Ä¢ Trekkie ‚Ä¢ Pro Oxford Comma ‚Ä¢ I do not identify as 'Y'all'",2009-01-28 23:08:50,478.0,641,38425,FALSE,2021-11-12 23:44:18,"Val, you bitch lol #f1 https://t.co/rGWdoQhYVN",['f1'],Twitter for Android,FALSE
156378,Ivanne Santing,Nederland,"Michael Schumacher: ""I‚Äôve always believed that you should never, ever give up and you should always keep fighting even when there‚Äôs only a slightest chance.""",2017-01-17 11:54:55,150.0,352,6825,FALSE,2021-10-24 20:13:54,"this is gonna be a sooo close 

#F1 #USGP #WTF1 #Formula1 https://t.co/1wISo4wSdA","['F1', 'USGP', 'WTF1', 'Formula1']",Twitter for iPhone,FALSE
21837,ivan adanev,"Cheltenham, England",üáßüá¨,2019-03-10 0:00:09,22.0,288,2834,FALSE,2021-08-01 13:47:37,This race is now very very interesting #F1,['F1'],Twitter for iPhone,FALSE
295878,Ballast Racing Club üèé,United Kingdom,The official twitter of Ballast Racing Club. Competing in #F12021 and @iRacing - üìß ballastracingclub@gmail.com,2021-10-20 7:30:52,14.0,174,28,FALSE,2021-11-20 9:12:24,"üö®RECRUITINGüö®

We are looking for:-
‚Ä¢ F1 2021 Team Manager
‚Ä¢ F1 2021 Drivers 
‚Ä¢ F1 2021 Content Creators

All of the above positions will be paid positions within the organisation.

Contact us for more information

#F12021 #F1","['F12021', 'F1']",Twitter for iPhone,FALSE
178284,F1Destinations,Worldwide,Detailed #F1 travel guides for every race on the Formula 1 calendar.,2013-08-02 8:16:55,2277.0,1790,3576,FALSE,2021-11-06 18:30:00,"Sergio Perez is Mexico's most successful F1 driver. His best result at the #MexicoGP is 7th place - will he do even better this weekend?

https://t.co/cuIv2mKOE4 #F1","['MexicoGP', 'F1']",TweetDeck,FALSE
187052,RaceFans,racefans.net/support,"Independent Motorsport Coverage ‚Ä¢ #F1, #IndyCar, #FE, #F2, #F3 & more ‚Ä¢ https://t.co/BunjWgn09U",2008-02-12 9:29:07,106162.0,1233,9493,FALSE,2021-11-02 12:59:00,"Although next year's #F1 cars will be 40 kilograms heavier than current machines, lap times are only predicted to rise by 0.5-2 seconds:

https://t.co/2Eiapr4h4h",['F1'],TweetDeck,FALSE
186947,giulyleclerc | üÜëÔ∏è fanpage,,NOT IMPERSONATING | On ig since '18 | Here to support Charles always‚ù§ | My translations | He followed 18/8/20 | Spread love not hateüåà | Backup @lovingleclercTV,2020-08-10 14:17:48,2434.0,398,8997,FALSE,2021-11-02 14:39:11,"These two, fighting like little kids...üßíüèªü§£

üì∏: @ScuderiaFerrari
@Charles_Leclerc @Carlossainz55 #F1 #USGP https://t.co/jwCj9ZCaMh","['F1', 'USGP']",Twitter for Android,FALSE
207046,Woodsie,USA,"Freelance motorsport/F1 journalist, marble racing commentator, car restorer, radio guy. BS in Neuroscience, Master of Public Health, now works for the state",2010-03-24 1:30:20,2671.0,328,13619,FALSE,2021-11-07 20:02:52,"Perez's actual gap to Lewis after his stop?  It's 9.8 seconds.  Thirty laps to go

#F1 #MexicoGP","['F1', 'MexicoGP']",TweetDeck,FALSE
558305,PlanetF1,,Formula 1 news from around the globe.,2009-03-06 15:28:15,42922.0,362,2786,FALSE,2022-03-29 19:30:00,"Valtteri Bottas admits it is ""weird"" to see Mercedes struggling.

""It‚Äôs also nice to be able to battle with them,"" said the Alfa Romeo driver.

‚ÄúI think this was kind of the best-case-scenario for our first season together I could ever imagine, with the information I had.‚Äù #F1 https://t.co/Ly6rYMK4gq",['F1'],TweetDeck,FALSE
139632,Live F1 News,,Bringing you all the latest #F1 news from across the web in one location.,2014-12-26 17:22:31,19089.0,15505,2734,FALSE,2021-10-15 10:02:34,Get ready for the next generation of #F1. Order your #F1 2022 t-shirt today from https://t.co/qkHRbiqneW https://t.co/SeUScYvMjU,"['F1', 'F1']",IFTTT,FALSE
139742,f1fantwo (imaginary/made/up/gender),Worldwide,"Curated F1 views from the fans! Like BBC + Telegraph Sport + WTF1, but better and without the garbage and lies! #teamLH = babies",2014-05-16 23:23:17,2301.0,2356,23,FALSE,2021-10-15 8:06:10,Person number 12155 who would win in any Mercedes of F1's Hybrid Era: Thelma Coyne Long #F1 #peopleWhoWouldWinInMercedes #MercedesDominance,"['F1', 'peopleWhoWouldWinInMercedes', 'MercedesDominance']",MexicanBilly,FALSE
255231,Tony Oakley,,"This is a blog about the stars from my point of view in the sky and on the Earth. About Formula1, Kimi R√§ikk√∂nen and the real stars of the Universe.",2014-10-10 11:45:36,56.0,65,571,FALSE,2021-11-13 20:04:54,"End of #F1Sprint 
#BrazilGP #F1 https://t.co/wjYGnZFxxU","['F1Sprint', 'BrazilGP', 'F1']",Twitter Web App,FALSE
28610,Hugo Drax,"England, United Kingdom",passionate Everton and 49ers fan and Gloucester Rugby season ticket holder + combat sports lover and WWE fan,2020-01-21 17:54:12,2968.0,4965,13087,FALSE,2021-08-01 13:22:07,christian horner right now #F1 https://t.co/0EqYBS0Lq6,['F1'],Twitter for iPhone,FALSE
64157,F1reader,,http://t.co/J4fdlafdHW is a F1 news aggregating website. F1reader hopes to replace your daily F1 news fix with just one website.Android @ http://t.co/KzfB1qB33G,2010-12-25 13:36:41,2335.0,1489,11,FALSE,2021-08-05 20:36:04,Pourchaire‚Äôs Alfa Romeo test ‚Äòa dream come true‚Äô https://t.co/oOKDZVHHRW #F1,['F1'],F1reader,FALSE
582570,Suharmis Cruz,,Leer,2022-06-29 16:04:11,3.0,21,1,FALSE,2022-07-03 19:02:14,"For regular, safe and orderly immigration.#ConsularServicesInCuba #CFRP #CP1 #CP3 #F1 #F2b #F3 #F4 #FamiliesBelongTogether @POTUS @FLOTUS @USEmbCuba @SenatorMenendez @SecBlinken @SecMayorkas @Cartajuanero @WHAAsstSecty @EMendrala @JakeSullivan46 @USCISDirector @DHSgov @StateDept https://t.co/YK831Iznde","['ConsularServicesInCuba', 'CFRP', 'CP1', 'CP3', 'F1', 'F2b', 'F3', 'F4', 'FamiliesBelongTogether']",Twitter for iPhone,FALSE
414737,N wie Nils :^),"London, England",Without a Doubt the most important German @F1 Twitter Account. Probably the biggest #VB77 Supporter in the World. @RedbullRacing Supporter since 2009.,2018-01-03 23:33:09,13.0,335.0,4637.0,FALSE,2021-12-05 22:57:16,@fia why would you rig that so obvious??? #Formula1 #F1 https://t.co/Sf5R0k6yuI,"['Formula1', 'F1']",Twitter for iPhone,FALSE
191100,HIDE ·É¶‚ù§·É¶Íí∞ÔΩ•‚ÄøÔΩ•‡πëÍí±„å∞„å∞official,Êó•Êú¨,"SOUND & MUSIC is My Life.
‚ô´ This is Twitter to have everybody meet favorite music.
·É¶(‡πë‚óî‚Äø‚óî‡πë)·É¶ Other information.
 Feel free to follow.  √óDM",2015-10-04 12:23:14,3012.0,2462,53049,FALSE,2021-11-12 19:36:38,"#F1 #FORMULA1 #BrazilGPüáßüá∑ 
qualifying.#Q2 https://t.co/hrQJxc82Ek","['F1', 'FORMULA1', 'BrazilGP', 'Q2']",Twitter Web App,FALSE
475991,"Hope Roth, MA","Boston, MA","Musician, AV/IT pro and craft nerd. @Crestron Certified Programmer. Standup Paddleboarder. Mom. Host of @thefloatingp. @rAVePubs blog squad. Pronouns: she/her",2009-04-02 19:39:50,1644.0,1455.0,47357.0,FALSE,2021-12-15 14:46:45,"Me: abolish the monarchy
Also me: Sir Hamilton does have a nice ring to it, tho

#F1",['F1'],Twitter for iPhone,FALSE
246616,Goals TV,,"Goalstv.... Pure sports Stream
Follow our new account guys üòò",2020-10-25 23:15:05,246.0,3,29,FALSE,2021-11-14 17:29:01,"F1 Live Stream Brazilian GP Race Formula 1 Live Streaming #F1 #Formula1 #BrazilianGP

...
...... .. 
Watch Live On üëâ @GoalsTV9
Watch Live On üëâ @GoalsTV9","['F1', 'Formula1', 'BrazilianGP']",Twitter for Android,FALSE
326034,AhmedMoti,,Confused all the time.,2019-01-28 4:24:04,5.0,34,191,FALSE,2021-12-12 14:56:47,"Sigma rule #33
let the maFIA be your enemy until they give you the win #sigmagrindset #SIGMA #sigma #maFIA #Verstappen #VerstappenvsHamilton #f1 #F1Finale #MaxVerstappen33 #LewisHamilton #LewisVMax #Memes #f1memes https://t.co/HylNRDDNUg","['sigmagrindset', 'SIGMA', 'sigma', 'maFIA', 'Verstappen', 'VerstappenvsHamilton', 'f1', 'F1Finale', 'MaxVerstappen33', 'LewisHamilton', 'LewisVMax', 'Memes', 'f1memes']",Twitter for iPhone,FALSE
584777,lil üè¥Û†ÅßÛ†Å¢Û†Å≥Û†Å£Û†Å¥Û†Åø :: MV33üá≥üá±,Scotland,F1 :: Books :: Swearing :: Funny Shit,2022-05-04 21:27:12,104.0,163,3937,FALSE,2022-07-02 18:52:54,"The Silverstone crowd being cunts ... smfh
#f1 #Formula1 #SilverstoneGP #BritishGP https://t.co/328Av7Sm5J","['f1', 'Formula1', 'SilverstoneGP', 'BritishGP']",Twitter for Android,FALSE
404235,The Inside Line,,"From the team that brings you ‚ÄòThe Inside Line‚Äô, Unbeaten F1 is your home for all things Formula One. Race coverage, news, features & analysis.",2015-11-08 22:52:57,5027.0,3148.0,5332.0,FALSE,2021-12-09 6:08:37,"EXCLUSIVE VIDEO

üá¶üá™ What's your prediction for Abu
Dhabi this weekend?

We preview the final race.

#Formula1 #F1 #Formule1 #News 
#Motorsport #Sport #AbuDhabiGP

Click here for the clip:
https://t.co/Vu0PKZEI1F https://t.co/3iSaFdihNg","['Formula1', 'F1', 'Formule1', 'News', 'Motorsport', 'Sport', 'AbuDhabiGP']",Twitter for Android,FALSE
168263,RaceFans Live,,"Live coverage of all F1 sessions and other series including IndyCar, WEC, Formula E amd more. Follow @racefansdotnet for independent motorsport coverage.",2011-02-15 21:07:51,30082.0,2,113,FALSE,2021-10-23 22:04:05,"Verstappen takes pole, Hamilton starts alongside him and Perez will start third at the #USGP

#F1","['USGP', 'F1']",Hootsuite Inc.,FALSE
22872,Gredy Nainggolan,,Liverpool FC - Houston Rockets || Traveller Wannabe || God Bless ya all :D || Beginner Designer,2010-12-22 2:59:40,463.0,2144,12422,FALSE,2021-08-01 13:42:43,ESTEBAN OCON LEADS F1 RACE!!!! #F1,['F1'],Twitter for iPhone,FALSE
402702,FanFuel Motorsports,The track,"Discussing the diverse world of motorsport while being fueled by its fans. Hosts: @HarringtonMAH11, @b1gnate_11, @CranmoreColton, @pkjared9.",2021-02-03 1:26:28,130.0,236.0,381.0,FALSE,2021-12-09 14:12:01,"Sorry for the quality, but here‚Äôs a great fight between @alo_oficial and @danielricciardo for 5th place in the 2014 German Grand Prix. 

‚ÄúHe was very, very smart, very respectful with the rules, and it was a great fight‚Äù - Alonso

#F1 https://t.co/AHM7FafLE6",['F1'],Twitter for iPhone,FALSE
622789,Gopal KalpandeüáÆüá≥,"Hyderabad, India",Senior Analyst @tigeranalytics,2010-06-16 1:08:22,31.0,71,995,FALSE,2022-07-03 15:36:16,"It‚Äôs pretty absurd that they are not broadcasting @SChecoPerez  overtakes.
 @redbullracing @F1 @SkySports 
#f1 #SilverstoneGP #Silverstone #BritishGrandPrix2022","['f1', 'SilverstoneGP', 'Silverstone', 'BritishGrandPrix2022']",Twitter for iPhone,FALSE
341826,Jason Linham,"Bath, UK","SQL developer,photographer, pianist in training, big fan of motor racing (most formulas).",2010-01-07 9:04:04,128.0,188.0,89.0,FALSE,2021-12-12 14:37:06,Well done to @MercedesAMGF1 and @LewisHamilton for what should have been your championship. @fia have ruined this year's championship #F1,['F1'],Twitter for Android,FALSE
516626,Arpit Rathi,üáÆüá≥ India,,2010-03-16 10:17:52,665.0,202,5248,FALSE,2022-02-09 16:44:46,clean. #F1 https://t.co/oDjV6Gl30L,['F1'],Twitter Web App,FALSE
326440,Trevor Ncube,Harare,l am not my newspapers. My newspapers are not me. Born Again Christian. Keynote Speaker. M&G Media (2002-17) @NewsDayZimbabwe @HStvZim @TheStandardzim ZimInd,2009-03-17 7:27:44,246160.0,572,45092,TRUE,2021-12-12 14:55:57,"What an end to the #F1 season. 
#AbuDhabiGP #TeamHamilton","['F1', 'AbuDhabiGP', 'TeamHamilton']",Twitter for iPad,FALSE
211298,Mobil 1 The Grid,"London, England","Welcome to the official home of @Mobil1 The Grid üèéÔ∏è üèÅ Keeping up to date with the world of #motorsport - including #F1, #NASCAR, #WEC and more!üèÜ",2010-03-05 12:40:39,48749.0,1095,125246,TRUE,2021-11-07 19:00:32,"Here we go... the formation lap is underway! 

#F1 #MexicoGP","['F1', 'MexicoGP']",Twitter Web App,FALSE
441604,Pep0tv,"Barcelona, Spain",Virtual safety car fan Club. Creo en EL PLAN.    Creador de contenido en https://t.co/Al9B0o243s,2019-04-07 12:03:00,15.0,88.0,56.0,FALSE,2021-12-05 18:38:57,"""All the time you have to leave a space"" #F1 #maFIA https://t.co/wsU5Yj3D9i","['F1', 'maFIA']",Twitter Web App,FALSE
350892,Prof Mark Jenkins,"Cranfield, UK","Emeritus Professor, Cranfield University. Passionate about how we can learn from the high performance world of #F1. Views expressed are my own.",2009-10-11 13:34:36,2028.0,220.0,4320.0,FALSE,2021-12-12 14:29:57,@MercedesAMGF1 on course for eighth consecutive #F1 world constructors‚Äô championship.,['F1'],Twitter for iPhone,FALSE
220201,Captain Planet,,,2020-08-20 9:39:04,11.0,0,22,FALSE,2021-11-18 18:40:17,"@Formula1arg1 #F1 
Michael can you review #BritishGP again before #BrazilGP?

üèéÔ∏èüá¨üáß üèéÔ∏èüáßüá∑ üèéÔ∏èüá∂üá¶

@fia @F1 @redbullracing @MercedesAMGF1 @Max33Verstappen @LewisHamilton @HondaRacingF1 @F1Media @bbcf1 @SkySportsF1 @Motorsport @F1Gate @ESPNF1 @racefansdotnet  @autosport
https://t.co/55u9dXmhW7","['F1', 'BritishGP', 'BrazilGP']",Twitter for Android,FALSE
190779,Lights Out ‚óè‚óè‚óè‚óè‚óè,,"The home of useless F1 facts. Not yet an award-winning Formula 1 blog, written by @NickyHaldenby. Contact: nicky@lightsoutblog.com.",2016-03-15 15:41:45,10444.0,3111,17259,FALSE,2021-11-12 19:50:00,2019 was the first #BrazilGP of the V6 hybird era at which Mercedes did not take pole position! Here's a reminder of the recent pole times! #F1 https://t.co/vENaclqkav,"['BrazilGP', 'F1']",TweetDeck,FALSE
220163,Formula 1 ‚ùº,Around the world,"1Ô∏è‚É£ Max Verstappen - 332.5 points
2Ô∏è‚É£ Lewis Hamilton - 318.5 points

üîú  Qatar Grand Prix | 22 November ‚Äî Roleplay account. Not affilied with @F1 or FOM",2019-02-15 3:48:13,433.0,198,3434,FALSE,2021-11-18 18:49:18,"Hands up if you can't wait to see George Russell team up with Lewis Hamilton üôã‚Äç‚ôÇÔ∏èüôã‚Äç‚ôÄÔ∏è

#QatarGP üá∂üá¶ #F1
https://t.co/0Iopjv9Odj","['QatarGP', 'F1']",TweetDeck,FALSE
349284,Wow & Flutter,"Montr√©al, Qu√©bec","DJs rock&roll as Haggard Bastard. Makes music as IFF (and sometimes Taperecorder.) Old punk, former raver, eternal juvenile delinquent. 
‚ÜôÔ∏è‚ÜôÔ∏è‚ÜôÔ∏è",2017-04-17 14:38:03,152.0,390.0,24955.0,FALSE,2021-12-12 14:33:50,"I‚Äôm done with #F1 
This is bullshit.",['F1'],Twitter Web App,FALSE
572064,Gabriella,,"Seriously though, what planet is this?",2009-04-11 22:21:43,848.0,361,10228,FALSE,2022-04-22 16:39:15,So many Red flags in this quali‚Ä¶ straight up the story of my life #F1 #ImolaGP,"['F1', 'ImolaGP']",Twitter for iPhone,FALSE
284488,Joseph,United Kingdom,"Just an average Joe with an interest in theme parks, trips, music and vlogging! https://t.co/f47tr22TGF Follow me over on #Instagram too @TheAverageJoeUK",2017-06-15 18:38:06,423.0,487,6325,FALSE,2021-11-21 13:59:53,What a grid‚Ä¶.! #f1,['f1'],Twitter for iPhone,FALSE
511423,Best (Social Media App),"Los Angeles, CA","üåê What's #Best Today ? 
üìå Discover, Share & Win the Best ! 
üì± Download the #Best #App : https://t.co/atmER3G9Xv",2019-04-02 0:33:28,141.0,5,56091,FALSE,2022-01-08 16:40:46,"Discover and Share your #Best #sports content
Download the Best #app ==&gt; https://t.co/d9gQTtSJkW 
#f1 #formulaone #formula1 #sports #sport #action #gp #grandprix #autoracing #motorracing #pierregasly #gasly  https://t.co/BgF41eg2vu https://t.co/ZhYRU1gsMc","['Best', 'sports', 'app', 'f1', 'formulaone', 'formula1', 'sports', 'sport', 'action', 'gp', 'grandprix', 'autoracing', 'motorracing', 'pierregasly', 'gasly']",THEDOTBEST,FALSE
436261,"JoeHart,Advocate&ADA",United States,#LiveStreaming @YouTube https://t.co/dBy92T5Kd4 #InvisibleDisabilities in Motorsports https://t.co/9b3nrLhoJn https://t.co/1C2tEPn0bc,2012-05-22 2:29:29,6877.0,22470.0,28127.0,FALSE,2021-12-05 19:17:47,"#SaudiArabiaGP
36of50Lüü®VSC

VERüî•
HAM+.482
OCO+8üî•
RIC+4
BOT
GAS+3
@Anto_Giovinazzi+11üî•
SAI
LEC
STR
NOR
LAT
ALO-3
VET
RAI-1L
TSU.
RUS:Out
PER:?
#WeSayNoToüí©LAST!Always!
MSC:Out.

:@F1-#F1
@FIA

@SaudiArabianGP
@SaudiArabia

@JeddahCircuit

#InvisibleDisabilities
JoeHart‚ù§Ô∏è,PwD‚Äôs","['SaudiArabiaGP', 'WeSayNoTo', 'F1', 'InvisibleDisabilities']",Twitter for iPhone,FALSE
394892,Blitz,,Self Proclaimed Godman & Journalist.,2019-09-18 10:57:19,248.0,370.0,4894.0,FALSE,2021-12-11 9:02:22,"Japanese GP 2012

This is proper racing! This is how it should be done üî•

1:38 üëÄ Kimi's car control and spatial awareness üëë

#F1 https://t.co/nXomgCHz85",['F1'],Twitter Web App,FALSE
58043,Sports Annual,,Sports Annual measures race driver performance by calculating wins and points per start. A world championship of winners from 1950 till today is the result.,2017-09-17 15:59:31,23.0,87,307,FALSE,2021-08-11 11:26:31,With 6 wins from a stupendous 256 starts (and a handy 1.113 standardised points per race) Patrese is P72 of 98 #F1 drivers classified by Sports Annual on wins and points per start. Full table this Sunday at https://t.co/39pKjCdPad https://t.co/wofdGKLVIv,['F1'],Twitter Web App,FALSE
501030,WeDGE,East Coast,"Founder of AOD Racing @officialclanaod, I sim race and have an obsession with synthwave, I tweet F1/NASCAR/Gaming stuff",2015-05-14 2:34:26,198.0,547.0,2998.0,FALSE,2022-01-15 23:49:10,"We saw Daniel Ricciardos last win in his career last year at Monza, he stepped away for a while. Came back and won and stepped away again for good. That's my prediction #F1,  I still like the guy. Don't @ me just saying what I feel

If I get correct in the next two years, good",['F1'],Twitter for Android,FALSE
410089,Wijco van Zoelen,Tiel,"Photographer, Ajax, FC Barcelona and Liverpool FC watcher, Apple, Tielenaar, Owner of FotoWijco (@FotoWijco), also photographer @oogoptiel & @betuwefoto",2009-06-13 9:50:35,245.0,182.0,301.0,FALSE,2021-12-06 18:13:01,@MercedesAMGF1 reveals new sponsor @fia #maFIA #F1 #FIA #fiamaffia #MaxVerstappen #LewisHamilton https://t.co/XjA6Tr6ZnR,"['maFIA', 'F1', 'FIA', 'fiamaffia', 'MaxVerstappen', 'LewisHamilton']",Twitter for iPhone,FALSE
340050,Melissa Johnson,"Sunderland, England","vintage rascal, football whinge, women's rights devotee, journalism graduate & internal comms and engagement manager. A wise lass @wisemensaypod",2009-02-27 18:31:12,1089.0,2425.0,71329.0,FALSE,2021-12-12 14:38:08,"Verstappen and Horner are two peas in a pod - both snotty, arrogant brats #F1",['F1'],Twitter for iPhone,FALSE
51586,Imran Husain,"Santa Monica, CA","Based in Santa Monica, California, Imran Husain leads IH Investments, a family-owned investment firm that has a focus on the commercial and multifamily markets.",2020-04-01 0:19:05,4.0,12,30,FALSE,2021-07-29 10:30:00,"F1: If life begins at 4Ô∏è‚É£0Ô∏è‚É£, @alo_oficial has plenty more adventures ahead of him!

Happy birthday, legend üéâ

#F1 @AlpineF1Team https://t.co/E9w6ncsRiU",['F1'],IFTTT,FALSE
440018,Kay,Netherlands - Gouda,Food-blogger living it up in the burbs. Highlights of my day include breathing and writing large amounts of rambling text.,2009-01-13 13:11:54,5026.0,814.0,13302.0,FALSE,2021-12-05 18:46:09,Ohhh wow! #F1,['F1'],Tweetbot for iŒüS,FALSE
260074,Neville Cooper,Mellor,"Love life, smile, make Carole smile and have fun",2009-11-25 12:19:24,61.0,301,3155,FALSE,2021-11-13 16:47:31,Max's wing looks like its winking at us.  Is this being investigated or is it just the camera angle? #F1 #F1Sprint #rearwing #BrazilianGP #MaxVerstappen #Lewis https://t.co/Dc5MGL6kK5,"['F1', 'F1Sprint', 'rearwing', 'BrazilianGP', 'MaxVerstappen', 'Lewis']",Twitter for Android,FALSE
513852,F1 Alex,(RSA)Cpt (ZW)Hre (COL)Bog,"Retired Cricketer |Animator |Illustrator for @azureartinc 
IGüì∑ azureartinc | F1

üíª alexmarunda@gmail.com

enamorado de Colombia y me encantar√≠a vivir all√≠ !",2014-10-27 15:35:53,973.0,659,9227,FALSE,2022-02-10 14:24:38,"When this guy shows up you know the car won't be fast #AM22 

Sorry Seb 
#F1 https://t.co/Zckmdrwmf9","['AM22', 'F1']",Twitter for Android,FALSE
403289,DHL_Motorsports,"Bonn, Deutschland","With 35+ years in motorsports logistics, we have a proven track record for getting the world‚Äôs top international racing series onto the starting grids.",2017-05-24 12:20:31,7077.0,317.0,81.0,FALSE,2021-12-09 12:00:02,Abu Dhabi is the final stop on F1‚Äôs massive 2021 world tour. Who will be crowned 2021 World Champion? Find all the latest information about the #AbuDhabiGP in our #F1 Logistics Hub: https://t.co/lqu34m5KHf https://t.co/LQFbx9fFTg,"['AbuDhabiGP', 'F1']",TweetDeck,FALSE
84980,Inside The Paddock | Best F1¬Æ Memes,Baku,Follow for the best #F1 memes every day!üèÅüèé,2021-06-04 0:21:04,285.0,240,0,FALSE,2021-09-09 14:03:33,"Monza setups be like:

üì∑: RudieBatsbak  #f1 https://t.co/7YDK77WhRu",['f1'],IFTTT,FALSE
576350,Sandy,The Mane Net,ü¶Å 311 ü¶Å 6431,2012-11-17 13:00:57,2153.0,1044,3178,FALSE,2022-04-22 14:52:34,Bullish on @cryptocom bullish on @LoadedLions_CDC and bullish on @AMR_Official - #WAGMI #F1 #ImolaGP https://t.co/yJ5FG9nX1S,"['WAGMI', 'F1', 'ImolaGP']",Twitter for iPhone,FALSE
269402,Racing News F1,,This is gonna be a great #FormulaOne season!,2013-05-28 15:50:42,487.0,173,34,FALSE,2021-11-23 8:28:07,"Pitpass F1: Horner's criticism of marshals was not acceptable, says Masi #F1: https://t.co/Y67wQuCGtm!",['F1'],IFTTT,FALSE
463946,Matt        Mason,#Kent  #England,@thegillsfc fan / Studio management ( @ Primetime media group) / @unilincoln graduate / #Coffee drinker / mini golf connoisseur / @parkrun & running amateur,2012-04-22 20:50:36,980.0,3263.0,219239.0,FALSE,2021-12-04 18:03:37,üòÆüèé  unbelievable Q3  üòÆüèéüá∏üá¶ #F1 #SaudiArabianGP #Qualifying,"['F1', 'SaudiArabianGP', 'Qualifying']",Twitter for Android,FALSE
19501,F1 Racing,Where #F1 is BUD LGG YYZ,Live updates of the Formula 1 auto racing championship. Technology on the edge. Independent #F1 commentary unaffiliated with @FIA or @F1 ‚Äî Est. 2007 @F1racingx,2007-10-07 4:43:32,30018.0,749,18265,FALSE,2021-08-01 14:06:29,"LAP 25 Lewis Hamilton passes Schumacher for P8

#F1 #F121BUD #BUD #HungarianGP #Formula1 #Hungaroring #Budapest https://t.co/pL3cfFn8tH","['F1', 'F121BUD', 'BUD', 'HungarianGP', 'Formula1', 'Hungaroring', 'Budapest']",TweetDeck,FALSE
32454,DaRealOat,,@MELOD1P,2017-04-24 2:50:17,22.0,454,1696,FALSE,2021-08-01 13:08:58,Coincidence? I think not #f1,['f1'],Twitter for iPhone,FALSE
218207,Amol Kulkarni,,"I am a YouTuber and a Social Media freakü§ì Have over 850 Subs on my YouTube Channel...!!!
My YouTube Channel üëá",2018-11-30 12:45:09,214.0,319,34339,FALSE,2021-11-19 11:37:09,"Still there is no one favorite for pole this weekend after FP1. We have to wait for the end of FP2 to get a clear idea of who the favorite will be.

#F1 #QatarGP #Formula1","['F1', 'QatarGP', 'Formula1']",Twitter for Android,FALSE
129100,LambdaGod üßôüèª‚Äç‚ôÇÔ∏è,,And God said ‚ÄúLet there be volatility‚Äù,2021-07-24 22:57:40,7.0,63,69,FALSE,2021-10-22 15:13:53,"@LandoNorris I just landed in Austin TX, let‚Äôs acquire this bread Lando #McLaren  #f1 #AustinTX","['McLaren', 'f1', 'AustinTX']",Twitter for iPhone,FALSE
153812,Stephen Benge,,"From Kent, in England. Love football, tennis and F1 :-)",2009-07-06 13:41:39,142.0,2923,6237,FALSE,2021-10-24 20:39:52,"What a drive from Max, fantastic finish #F1 #USGP","['F1', 'USGP']",Twitter for iPhone,FALSE
205150,Michael Arietta,3rd planet from the sun,"Heavy right foot, delicate left foot. Non tree-dwelling primate.",2010-05-22 6:36:59,264.0,2030,42121,FALSE,2021-11-07 20:35:43,I voted for S. PEREZ as #F1DriveroftheDay. Make your vote here: https://t.co/YFAm4sNjAs https://t.co/I3zdYB5wlH #MexicoGP  #F1,"['F1DriveroftheDay', 'MexicoGP', 'F1']",Twitter for iPhone,FALSE
6948,Morsh,"London, England","Yeah intelligent input darling, why don‚Äôt you just have another beer then",2009-02-26 19:22:20,1656.0,290,6612,FALSE,2021-08-01 15:31:46,Hamilton did NOT look well then ü•∫ #f1,['f1'],Twitter for iPhone,FALSE
585205,Michael O'Sullivan‚Ñ¢¬©,"Bourne, England","üö¥‚Äç‚ôÇÔ∏è Cycling 9-5 üèí Ice hockey üèéF1 , Crypto enthusiast and ü•≠ mango man!",2009-06-19 22:48:41,264.0,574,357,FALSE,2022-07-01 22:48:52,"This one was fun - Monaco Hotlap üá≤üá®üèé üòé

#speedforlife #f1 #f122 @TSpeedEsports 

https://t.co/rkgdARSOWt","['speedforlife', 'f1', 'f122']",Twitter for iPhone,FALSE
387012,RaceFans,racefans.net/support,"Independent Motorsport Coverage ‚Ä¢ #F1, #IndyCar, #FE, #F2, #F3 & more ‚Ä¢ https://t.co/BunjWgn09U",2008-02-12 9:29:07,107888.0,1234.0,9637.0,FALSE,2021-12-11 14:53:19,"NEW: Points deduction rule reminder was issued for fans as well as drivers ‚Äì Masi - https://t.co/JIwvvGljrT 

By @hsouthwellfe

#F1",['F1'],RaceFans 20181015,FALSE
26367,F1 Ramble,,"Two guys rambling on about F1! New episodes every week.
Listen here:

https://t.co/IpxDWXpeME


https://t.co/HTELQLOKyc",2021-02-05 15:35:34,35.0,143,309,FALSE,2021-08-01 13:34:54,"How long until slicks?? It‚Äôs crazy how dry that track now is

#hungariangp #f1 #formula1","['hungariangp', 'f1', 'formula1']",Twitter for iPhone,FALSE
101546,Laura üçÅüèí,"Tsawwassen, British Columbia",Love hockey and all forms of auto racing #NFB #Canucks #RedWings #BCLions #BlueJays #OneChicago üá®üá¶,2015-05-23 16:08:34,2902.0,4322,214547,FALSE,2021-09-05 14:36:44,Home race win for @Max33Verstappen ! #F1 üèÅ,['F1'],Twitter for iPhone,FALSE
545537,Speakers Corner,"London, UK","A leading speaker bureau sourcing after dinner, motivational, keynote & conference speakers for global events. One half of the #KnowledgeGuild partnership.",2009-03-18 15:33:13,10681.0,3917,5001,FALSE,2022-03-08 12:00:14,"#Journalist, #broadcaster and #eventhost Jennie presents and reports on #F1 for the BBC and is one of motorsport‚Äôs foremost media professionals.

For more information or to book Jenny visit https://t.co/TDGC7gkhEd or speak to one of our experts on +44 (0) 20 7607 7070. https://t.co/hAb8blBmaO","['Journalist', 'broadcaster', 'eventhost', 'F1']",Sprout Social,FALSE
237204,Andrew Webb,"Nuneaton, England","Leicester City, Sport & Eurovision Song Contest fan from North Warwickshire.",2010-03-22 23:11:17,136.0,431,254,FALSE,2021-11-14 18:38:13,"Hamilton wins the Sao Paulo GP.
3 races to go....its not over yet...Qatar next week. #F1 #BrazilGP","['F1', 'BrazilGP']",Twitter for Android,FALSE